,Song Title,Song BPM,Song Duration,Genre
0,Finesse (Pink Panda Remix),124.00,209,Dance
1,Havana (Jose Knight Name &amp; Number Bootleg),125.00,238,Mashup
2,Bartier Cardi (Clean),138.00,224,Hip-Hop
3,Caroline,120.00,194,
4,Bartier Cardi (Dirty),138.00,224,Hip-Hop
5,Heartbeat,120.00,272,
6,Chill Bill,108.00,177,
7,"All The Way Up ft. French Montana, Infared, and Remy Ma ",87.57,226,
8,Low Life ft. The Weeknd,71.99,323,
9,No Limit (Remix Dirty),88.00,278,Hip-Hop
10,Lady Killers ft. Hoodie Allen,73.01,250,
11,Lady Killers II,136.00,295,
12,Monica Lewinsky (ft. Skizzy Mars &amp; KYLE),120.00,244,
13,Jordan Belfort,80.00,205,
14,Black Friday,109.84,428,
15,1 Night,130.00,245,
16,Stir Fry (Dirty),91.00,192,Hip-Hop
17,Motor Sport (Dirty),138.00,323,Hip-Hop
18,Ric Flair Drip (Dirty),100.00,172,Hip-Hop
19,Ric Flair Drip (DJ Rocco &amp; DJ Ever B Remix Dirty),100.00,196,Twerk
20,"THat Part (Black Hippy Remix) Feat. Kendrick Lamar, Ab-Soul &amp; Jay Rock",113.02,297,
21,The Hills ft. Eminem,125.43,242,
22,Ric Flair Drip (Clean),100.00,172,Hip-Hop
23,Go Legend (Clean),75.00,269,Hip-Hop
24,Rockstar (Clean),80.00,218,Hip-Hop
25,Good Drank (Clean),130.00,296,Hip-Hop
26,4 AM (Dirty),75.00,255,Hip-Hop
27,How Long (Remix),110.00,207,Pop
28,Lemon (Clean),95.00,187,Pop
29,Versace On The Floor (Radio Edit),100.00,201,Pop
30,Look What You Made Me Do (Original Mix),128.00,211,Pop
31,Congratulations (Clean),123.00,220,Hip-Hop
32,White Iverson (Clean),86.69,212,R&amp;B
33,Supastars (Dirty),75.95,294,Hip-Hop
34,White Iverson (Dirty),130.00,254,Hip-Hop
35,Congratulations (Dirty),123.00,220,Hip-Hop
36,Congratulations (Instrumental),123.00,220,Hip-Hop
37,Pick It Up (Dirty),87.00,207,Hip-Hop
38,Kings Dead (Dirty),164.00,145,Hip-Hop
39,All The Stars (Dirty),96.80,234,Hip-Hop
40,Plain Jane (Dirty),85.00,174,Hip-Hop
41,Bodak Yellow (Statik Link Remix),78.00,185,Hip-Hop
42,All The Stars (Clean),96.80,235,Hip-Hop
43,Motor Sport (Clean),138.00,323,Hip-Hop
44,Dont Nobody Want None (Clean),124.00,179,Hip-Hop
45,No Hearts No Love (Clean),87.00,225,Hip-Hop
46,Something New (Clean),87.60,200,Hip-Hop
47,Temperature (Dirty),96.00,200,Hip-Hop
48,What Lovers Do (Clean),110.00,200,Pop
49,Attention (Original Mix),100.00,211,Pop
50,Bodak Yellow (Clean),125.00,223,Hip-Hop
51,Bodak Yellow (Dirty),125.00,224,Hip-Hop
52,Mi Gente,105.00,184,Latin
53,Shape Of You (MMP Intro Edit) (Clean),96.00,260,Pop
54,Humble (Dj Rukus Intro Edit) (Clean),150.00,204,Hip Hop
55,Humble (Dj Rukus Intro Edit) (Dirty),75.00,204,Hip Hop
56,Thats What I Like (Dj Rukus Intro Edit) (Clean),134.00,257,Pop
57,Thats What I Like (Dj Rukus Intro Edit) (Dirty),134.00,257,Pop
58,Bad and Boujee (Dj Rukus Intro Edit) (Clean),127.00,362,Hip Hop
59,Bad and Boujee (Dj Rukus Intro Edit) (Dirty),127.00,362,Hip Hop
60,XO Tour Life (Dj Rukus Intro Edit) (Dirty),77.50,198,Hip Hop
61,Mask Off (Dj Rukus Intro Edit) (Dirty),75.00,230,Hip Hop
62,XO Tour Life (Dj Rukus Intro Edit) (Clean),77.50,198,Hip Hop
63,Mask Off (Dj Rukus Intro Edit) (Clean),75.00,230,Hip Hop
64,Im the One (Dj Rukus Intro Edit) (Clean),81.00,320,Hip Hop
65,Im the One (Dj Rukus Intro Edit) (Dirty),81.00,320,Hip Hop
66,24K Magic (Dj Rukus Intro Edit) (Clean),107.00,233,Pop
67,Stay (Dj Rukus Intro Edit) (Clean),102.00,228,Pop
68,Black Beatles (Intro) (Clean),146.00,292,Hip Hop
69,Black Beatles (Intro) (Dirty),146.00,292,Hip Hop
70,Starboy (Intro) (Clean),93.00,247,Pop
71,Location (Dj Rukus Intro Edit) (Clean),80.00,228,R&amp;B
72,Theres Nothing Holdin Me Back (MMP Intro Edit) (Clean),122.00,251,Pop
73,Redbone (Dj Rukus Intro Edit) (Clean),80.00,316,R&amp;B
74,iSpy (Clean),75.00,247,Hip Hop
75,iSpy (Dirty),75.00,248,Hip Hop
76,Scars To Your Beautiful (RARRI Intro) (Clean),97.00,250,Pop
77,Slow Hands (Intro),85.98,363,Pop
78,Love On The Brain (Dj Rukus Intro Edit) (Clean),85.50,269,R&amp;B
79,I Feel It Coming (Dj Rukus Intro Edit) (Clean),93.00,258,Pop
80,Bounce Back (Dj Rukus Intro Edit) (Dirty),81.50,240,Hip Hop
81,Bounce Back (Dj Rukus Intro Edit) (Clean),81.50,240,Hip Hop
82,Strip That Down (Dj Rukus Intro Edit) (Clean),106.00,226,Hip Hop
83,Fake Love (Dj Rukus Intro Edit) (Clean),134.00,236,R&amp;B
84,Fake Love (Dj Rukus Intro Edit) (Dirty),134.00,236,R&amp;B
85,Paris (Intro),100.00,259,Pop
86,Side to Side (Intro) (Extra Clean),79.50,267,Pop
87,Feel It Still (Dj Rukus Clap In Intro) (Clean),158.23,171,Rock
88,Let Me Love You (Dj Rukus Intro Edit - Clean),100.00,230,Pop
89,Thunder (MPP QuickHitter) (Clean),84.00,125,Rock
90,Cant Stop The Feeling (MMP Intro) (Clean),113.00,265,Pop
91,Bank Account (Dj Rukus Intro Edit) (Clean),150.00,256,Hip Hop
92,Rake It Up (Dj Rukus Intro Edit) (Clean),75.00,294,Hip Hop
93,Bank Account (Dj Rukus Intro Edit) (Dirty),150.00,256,Hip Hop
94,Rake It Up (Dj Rukus Intro Edit) (Dirty),75.00,294,Hip Hop
95,DNA (Dirty),139.98,186,Hip Hop
96,Juju On That Beat (MMP Intro Edit) (Dirty),80.20,167,Hip Hop
97,Tunnel Vision (Dj Rukus Intro Edit) (Dirty),86.00,234,Hip Hop
98,DNA (Clean),130.19,186,Hip Hop
99,Juju On That Beat (MMP Intro Edit) (Clean),80.20,167,Hip Hop
100,Tunnel Vision (Dj Rukus Intro Edit) (Clean),86.00,234,Hip Hop
101,Passionfruit (Dj Rukus Intro Edit) (Clean),112.00,240,R&amp;B
102,Passionfruit (Dj Rukus Intro Edit) (Dirty),112.00,240,R&amp;B
103,Goosebumps (Dj Rukus Intro Edit) (Dirty),130.00,243,Hip Hop
104,Goosebumps (Dj Rukus Intro Edit) (Clean),130.00,243,Hip Hop
105,Cold (DJ Jay MMP Intro) (Clean),100.00,237,Pop
106,Dont Wanna Know (Dj Rukus Intro Edit) (Clean),100.00,278,Pop
107,Broccoli (Dj Rukus Intro Edit - Clean),73.00,249,Hip Hop
108,Broccoli (Dj Rukus Intro Edit - Dirty),73.00,249,Hip Hop
109,Slide (Dj Rukus Intro Edit) (Clean),104.00,212,Pop
110,Young Dumb and Broke (Dj Rukus Intro Edit) (Clean),137.00,238,R&amp;B
111,Magnolia (Dj Rukus Intro Edit) (Clean),163.00,212,Hip Hop
112,Magnolia (Dj Rukus Intro Edit) (Dirty),81.50,212,Hip Hop
113,Love Galore (Dj Rukus Intro Edit) (Clean),135.00,270,R&amp;B
114,Both (Dj Rukus Intro Edit) (Clean),140.00,192,Hip Hop
115,Drowning (Dj Rukus Intro Edit) (Clean),129.00,253,Hip Hop
116,Both (Dj Rukus Intro Edit) (Dirty),140.00,192,Hip Hop
117,Drowning (Dj Rukus Intro Edit) (Dirty),129.00,253,Hip Hop
118,I Get the Bag (Dj Rukus Intro Edit) (Dirty),140.00,246,Hip Hop
119,I Get The Bag (Dj Rukus Intro Edit) (Clean),140.00,246,Hip Hop
120,Look At Me (MMP Intro Edit) (Clean),139.00,152,Hip Hop
121,Look At Me (MMP Intro Edit) (Dirty),139.00,152,Hip Hop
122,Its A Vibe (Dj Rukus Intro Edit) (Dirty),73.00,223,Hip Hop
123,Its A Vibe (Dj Rukus Intro Edit) (Clean),73.00,223,Hip Hop
124,Work (Dj Rukus Personal Edit) (Clean),130.00,171,Hip Hop
125,Work (Dj Rukus Personal Edit) (Dirty),130.00,184,Hip Hop
126,Plain Jane (Remix) (Dirty),85.00,203,Hip Hop
127,Plain Jane (Remix) (Clean),85.00,203,Hip Hop
128,Unforgettable (Clean),97.99,313,Hip Hop
129,Unforgettable (Dirty),97.99,313,Hip Hop
130,Pills and Automobiles (Dj Rukus Intro Edit) (Dirty),72.50,317,Hip Hop
131,Pills and Automobiles (Dj Rukus Intro Edit) (Clean),72.50,317,Hip Hop
132,Panda (Clean),144.99,245,Hip Hop
133,Panda (Dirty),145.14,244,Hip Hop
134,Do Re Mi (Dirty),111.00,209,R&amp;B
135,Do Re Mi (Clean),149.34,198,R&amp;B
136,Narcos (Dirty),125.00,255,Hip Hop
137,BBO (Bad Bitches Only) (Dj Rukus QuickHitter) (Dirty),81.00,154,Hip Hop
138,Lean On (Original Mix),98.00,178,Moombahton
139,Bodak Yellow (Statik Link Remix),78.00,185,Hip-Hop
140,In The Ayer (Rizzo Scratch Hype Short Edit),127.99,202,Pop
141,No Limit (Mr Collipark Remix Clean),100.00,244,Remix
142,Mi Gente (Remix) (Mixshow Edit),105.00,218,Pop
143,iSpy (Remix) (Dj Rukus Intro Edit) (Dirty),75.00,256,Hip Hop
144,Body Like A Back Road (Mr. Collipark Remix) (MMP Intro Edit) (Clean),102.00,197,Pop
145,Rake It Up (Flava Reggaeton Mix Dirty),93.77,212,Remix
146,Side To Side (Dirty Intro),159.00,267,Pop
147,24K Magic (Dj Rukus Intro Edit) (Dirty),107.00,233,Pop
148,Thats What I Like (Dj Rukus Intro Edit) (Dirty),134.00,257,Pop
149,Slide (Dj Rukus Intro Edit) (Drty),104.00,212,Pop
150,Redbone (Dj Rukus Intro Edit) (Dirty),80.00,316,R&amp;B
151,Sorry Not Sorry (Dj Rukus Intro Edit) (Dirty),72.00,240,Pop
152,Wild Thoughts (Dj Rukus Intro Edit) (Dirty),98.00,213,Hip Hop
153,Cold (DJ Jay MMP Intro) (Dirty),100.00,245,Pop
154,Dont Wanna Know (Dj Rukus Intro Edit) (Dirty),100.00,278,Pop
155,Love On The Brain (Dj Rukus Intro Edit) (Dirty),113.99,269,R&amp;B
156,Love Galore (Dj Rukus Intro Edit) (Dirty),135.00,270,R&amp;B
157,I Feel It Coming (Dj Rukus Intro Edit) (Dirty),93.00,258,Pop
158,Starboy (Intro) (Dirty),93.00,247,Pop
159,Lemon (Dj Rukus Intro Edit) (Dirty),95.00,226,Hip Hop
160,Teach Me How To Dougie (Instrumental),85.00,215,Hip-Hop
161,Mask Off (DJ Scene Bootleg Clean),150.00,249,Trap Hip Hop
162,Mask Off (DJ Scene Bootleg Dirty),150.00,249,Trap Hip Hop
163,No Smoke (Radio Edit) (Clean),72.00,160,Hip Hop
164,No Smoke (Dirty),72.00,160,Hip Hop
165,No Smoke (Instrumental),72.00,160,Hip Hop
166,Scratch Ammo 1 (100 bpm),99.81,60,Scratch Tool
167,Teach Me How To Dougie (Clean),85.00,207,Hip-Hop
168,Teach Me How To Dougie (Dirty),85.00,213,Hip-Hop
169,Next Episode (DJ Hope Scratch Drop Intro)(Dirty),95.00,181,Hip Hop
170,Edm Vocal Shouts (ANX Dj Tool) (Part 2) (Dirty),126.65,80,Dj Tools
171,Drop That Booty (Original Mix),115.00,169,Dance
172,Ric Flair Drip (DJ Rocco &amp; DJ Ever B Remix Dirty),100.00,196,Twerk
173,God's Plan (Dj Rukus Intro Edit) (Clean),77.20,199,Hip Hop
174,God's Plan (Dj Rukus Intro Edit) (Dirty),154.40,199,Hip Hop
175,Truffle Butter (Remix Dirty),105.00,253,Hip-Hop
176,Truffle Butter (The Aston Shuffle Remix) (Rockabeat Short Edit),122.00,157,House
177,Hotline Bling (Clean),135.00,267,Hip Hop
178,Hotline Bling (Mixshow Intro) (Clean),135.00,256,Hip Hop
179,Freak In You (Dj Rukus Intro Edit) (Clean),87.00,331,R&amp;B
180,Back To Back (Intro) (Aca Outro),86.99,132,Intros
181,Hotline Bling (Mixshow Intro) (Dirty),135.00,256,Hip Hop
182,Freak In You (Dj Rukus Intro Edit) (Dirty),87.00,331,R&amp;B
183,Gucci Gang (Dj Rukus 100-60 Transition) (Dirty),100.14,164,Transitions
184,Gucci Gang (Dj Rukus 100-60 Transition) (Clean),100.79,164,Transitions
185,Dont Stop The Party (Dawson Intro),128.00,187,Intros
186,Fireball (Main),123.00,235,Pop
187,Like A G6 (Rmx Intro Clean),128.00,214,Intros
188,Gummo (Clean),78.50,158,Hip Hop
189,Gummo (Dirty),78.50,158,Hip Hop
190,KEKE (On The Regular) (Dj Rukus Intro Edit) (Clean),94.00,163,Hip Hop
191,KEKE (On The Regular) (Dj Rukus Intro Edit) (Dirty),94.00,163,Hip Hop
192,Meant To Be (Clean),77.00,162,Pop
193,Finesse (Remix) (Clean),105.00,214,Pop
194,Finesse (Remix) (Dirty),105.00,214,Pop
195,Never Be the Same (Dj Rukus Intro Edit) (Clean),130.00,267,Pop
196,How Long (Dj Rukus Intro Edit) (Clean),110.00,220,Pop
197,Get It Right (Remix) (Dj Rukus QuickHitter) (Clean),80.00,132,Pop
198,New Rules (Dj Rukus Intro Edit) (Clean),116.00,229,Pop
199,River (Clean),90.00,220,Pop
200,River (Dirty),90.00,220,Pop
201,Him and I (Dj Rukus Intro Edit) (Clean),87.97,305,Hip Hop
202,Him and I (Dj Rukus Intro Edit) (Dirty),132.49,305,Hip Hop
203,Let Me Go,103.00,174,Pop
204,Bad At Love (Dj Rukus Intro Edit) (Clean),118.00,227,Pop
205,Bad At Love (Dj Rukus Intro Edit) (Dirty),118.00,227,Pop
206,Savior (Dj Rukus Intro Edit) (Clean),100.00,230,Pop
207,Savior (Dj Rukus QuickHitter) (Clean),100.00,153,Pop
208,Believer (Clean),125.03,201,Rock
209,Love (Clean),126.00,213,Hip Hop
210,Love (Dirty),126.00,213,Hip Hop
211,Roll In Peace (Dj Rukus Intro Edit) (Clean),140.00,233,Hip Hop
212,Roll In Peace (Dj Rukus Intro Edit) (Dirty),140.00,233,Hip Hop
213,Gucci Gang (Dj Rukus Intro Edit) (Clean),120.00,160,Hip Hop
214,Gucci Gang (Dj Rukus Intro Edit) (Dirty),120.00,160,Hip Hop
215,The Way Life Goes (Clean),82.00,217,Hip Hop
216,The Way Life Goes (Dirty),82.00,217,Hip Hop
217,1-800-273-8255 (Dj Rukus Intro Edit) (Clean),100.00,268,Hip Hop
218,1-800-273-8255 (Dj Rukus Intro Edit) (Dirty),100.00,268,Hip Hop
219,Despacito (Remix) (Dj Rukus Intro Edit) (Clean),178.00,260,Pop
220,Wolves (MMP Clap Fix Chorus Intro),127.62,150,Pop
221,Lights Down Low,81.00,223,Pop
222,Sky Walker (Dj Rukus Intro Edit) (Clean),73.00,236,R&amp;B
223,Sky Walker (Dj Rukus Intro Edit) (Dirty),73.00,236,R&amp;B
224,Let You Down (Clean),148.00,201,Hip Hop
225,I Fall Apart (Dj Rukus Intro Edit) (Clean),144.00,253,Hip Hop
226,I Fall Apart (Dj Rukus Intro Edit) (Dirty),144.00,253,Hip Hop
227,Pon De Replay (Clean),148.50,217,R&amp;B
228,Yours (Radio),133.99,212,Country
229,End Game (Clean),79.50,243,Pop
230,Marry Me (Radio),85.00,202,Country
231,Perfect Duet (Clean),126.67,258,R&amp;B
232,Havana (Dj Rukus Intro Edit) (Clean),105.00,237,Pop
233,Rockstar (Dj Rukus Intro Edit) (Clean),80.00,252,Hip Hop
234,Rockstar (Dj Rukus Intro Edit) (Dirty),80.00,252,Hip Hop
235,Diplomatic Immunity (Dj Rukus Intro Edit) (Clean),152.00,290,Hip Hop
236,Diplomatic Immunity (Dj Rukus Intro Edit) (Dirty),152.00,290,Hip Hop
237,No Limit (Remix) (Dj Rukus Intro Edit) (Clean),88.00,305,Hip Hop
238,No Limit (Remix) (Dj Rukus Intro Edit) (Dirty),88.00,305,Hip Hop
239,No Limit (Dj Rukus Cardi B First) (Clean),88.00,240,Hip Hop
240,No Limit (Dj Rukus Cardi B First) (Dirty),88.00,240,Hip Hop
241,Motorsport (Dirty),138.00,323,Hip-Hop
242,Too Good At Goodbyes (Dj Rukus Intro Edit) (Clean),92.06,240,Pop
243,Bartier Cardi (Dj Rukus Intro Edit) (Clean),138.00,250,Hip Hop
244,Bartier Cardi (Dj Rukus Intro Edit) (Dirty),138.00,250,Hip Hop
245,Filthy (Dj Rukus Intro Edit) (Clean),97.00,277,Pop
246,Losing Sleep (MMP Rock Refix),92.90,196,Rock
247,Good Old Days (MMP Intro Edit) (Clean),122.96,195,Pop
248,Thrift Shop (Clean),95.00,235,Hip-Hop
249,Thrift Shop (Dirty),95.00,235,Hip-Hop
250,Uptown Funk (Main),115.00,235,Pop
251,Crew (LNRP Mixshow Edit) (Clean),130.00,236,Hip Hop
252,Crew (LNRP Mixshow Edit) (Dirty),130.00,236,Hip Hop
253,Cyclone (CFLO Bridge Edit),78.00,123,Hip Hop
254,Club Cant Handle Me (PeteDown Edit),129.98,229,Remix
255,Dynamite (Main),120.00,204,Dance
256,My Shit (Dj Rukus Intro Edit - Clean),78.00,147,Hip Hop
257,My Shit (Dj Rukus Intro Edit - Dirty),78.00,147,Hip Hop
258,Ghost Town (Intro) (Clean),120.00,338,Pop
259,Ghost Town (Intro) (Dirty),120.00,338,Pop
260,Here (Clean),121.50,200,Pop
261,Honey Im Good (Radio Edit),122.00,199,Pop
262,Bad Decisions (Dj Rukus Intro Edit - Clean),132.00,274,Pop
263,Bad Decisions (Dj Rukus Intro Edit - Dirty),132.00,274,Pop
264,Be Alright (Dj Rukus Hook In) (Clean),109.00,211,Pop
265,Be Alright,109.00,177,Pop
266,Dangerous Woman (Intro),89.33,220,Pop
267,Focus (Clean),100.00,211,Pop
268,Gave It Away (Dj Rukus Intro Edit - Clean),106.00,280,Pop
269,Greedy (Clean),110.00,212,Pop
270,I Dont Care (Dj Rukus Intro Edit - Clean),112.00,222,R&amp;B
271,I Dont Care (Dj Rukus Intro Edit - Dirty),112.00,222,R&amp;B
272,Into You,108.00,244,R&amp;B
273,Everyday (Dj Rukus Intro Edit - Clean),131.00,241,Hip Hop
274,Everyday (Dj Rukus Intro Edit - Dirty),131.00,241,Hip Hop
275,New Level (Main),161.33,267,Hip Hop
276,Back Hurt (Clean),142.00,216,Hip Hop
277,Back Hurt (Dirty),142.00,216,Hip Hop
278,Yammy Gang (Clean),101.25,153,Hip Hop
279,Yammy Gang (Dirty),101.25,153,Hip Hop
280,Let It Bang (Dirty),130.00,151,Hip Hop
281,Hungry Ham (Clean),80.00,216,Hip Hop
282,Hungry Ham (Dirty),80.00,216,Hip Hop
283,Yamborghini High (Dj Rukus Intro Edit - Clean),138.00,333,Hip Hop
284,Yamborghini High (Dj Rukus Intro Edit - Dirty),138.00,333,Hip Hop
285,Everyday (Clean),75.08,257,Hip Hop
286,Everyday (Dirty),75.11,264,Hip Hop
287,Electric Body (Clean),120.00,255,Hip Hop
288,Electric Body (Dirty),120.00,255,Hip Hop
289,Living It Up (MMP Intro) (Clean),97.97,245,Hip Hop
290,Living It Up (MMP Intro) (Dirty),98.00,245,Hip Hop
291,Bring That Beat (Original Mix),128.00,252,Electro
292,On The Floor Like,128.00,247,Electro
293,Good Grief (Radio Edit),120.00,212,Rock
294,Intergalagtic (Dj Beatmaster Twerk Remix),105.03,292,Twerk
295,Might Not (MMP Intro) (Clean),134.00,274,Hip Hop
296,Might Not (MMP Intro) (Dirty),134.00,274,Hip Hop
297,Zanzibar (Intro Dirty),72.00,193,Hip Hop
298,Formation (Clean),122.00,204,R&amp;B
299,Formation (Dirty),122.00,206,R&amp;B
300,Dance (A$$) (MK3F Remix) Drity,80.00,202,Trap
301,Blessings (Chorus Intro) (Dirty),119.01,230,Hip Hop
302,I Know (Clean),120.00,288,Hip Hop
303,I Know (Dirty),120.00,288,Hip Hop
304,I Dont Fuck With You (Dj Rukus Hype Intro) (Dirty),98.00,235,Hip Hop
305,The Time (DJ JAY 16 Bar Intro) (Clean),128.00,322,Pop
306,The Time (DJ JAY 16 Bar Intro) (Dirty),128.00,322,Pop
307,Saviors Shadow (Radio),99.37,162,Country
308,Shes Got a Way With Words (Clean),149.00,190,Country
309,Hot Nigga (Boss Mode Edit) (Syntrix QH) (Intro) (Dirty),89.99,126,Intros
310,Forbes,114.00,206,Trap
311,Country Nation (Radio),89.00,224,Country
312,Without a Fight (Radio),113.00,233,Country
313,Scream and Shout (Chant In) (Short Edit) (Clean),130.01,190,Pop
314,502 Come Up (Dj Rukus Intro Edit) (Clean),118.80,210,R&amp;B
315,502 Come Up (Dj Rukus Intro Edit) (Dirty),118.80,210,R&amp;B
316,Dont (Intro) (Clean),97.04,339,Hip Hop
317,Dont (Intro) (Dirty),96.84,339,Hip Hop
318,Exchange (Clean),80.00,194,R&amp;B
319,Exchange (Dirty),80.00,194,R&amp;B
320,Sorry Not Sorry (Dj Rukus Intro Edit) (Clean),98.00,235,R&amp;B
321,Sorry Not Sorry (Dj Rukus Intro Edit) (Dirty),98.00,235,R&amp;B
322,Hold Up (Clean),82.50,221,R&amp;B
323,Hold Up (Dirty),82.50,221,R&amp;B
324,Hit The Quan (DJ SLICK MMP Intro) (Clean),80.00,217,Hip Hop
325,Hit The Quan (DJ SLICK MMP Intro) (Dirty),80.00,217,Hip Hop
326,Niggas In Paris x Strip Bootleg (Beazie Beats Segway Edit),140.00,274,Hip Hop
327,Bon Appetit (3LAU Remix) (Dj Rukus Intro Edit) (Clean),106.00,208,Remix
328,Drop It Like Is Hot (Dj Hope Scratch Drop Intro) (Clean),92.00,259,Hip Hop
329,Drop It Like Is Hot (Dj Hope Scratch Drop Intro) (Dirty),92.00,260,Hip Hop
330,Stay (Dj Rukus Intro Edit) (Clean),102.00,228,Pop
331,Controlla (Clean),93.50,245,Hip Hop
332,Controlla (Dirty),93.50,245,Hip Hop
333,Drake - One Dance (Clean),104.00,174,Hip Hop
334,Pop Style (Clean),133.25,213,Hip Hop
335,Pop Style (Dirty),132.99,213,Hip Hop
336,Hype (Clean),130.00,209,Hip Hop
337,Hype (Dirty),130.00,209,Hip Hop
338,How Deep Is Your Love (MMP Intro) (Clean),122.00,220,Intros
339,This Is What You Came For (Clean),124.00,220,House
340,This Is What You Came For (Dj Rukus Intro Edit - Clean),124.00,278,Pop
341,I Like Tuh (Audiorokk Aca Hype In),89.00,195,Trap
342,Bricks (73-100BPM Transition) (Dirty),72.13,148,Transitions
343,Church Bells (Radio),87.00,191,Country
344,Heartbeat,140.00,208,Country
345,Smoke Break (Radio Edit),80.00,199,Country
346,Every Time We Touch (Intro Short Edit),142.00,135,House
347,Roses (MMP Intro) (Clean),100.00,195,Intros
348,Don't Let Me Down (Clean),80.00,241,Pop
349,Angels (MMP Intro) (Clean),78.02,219,Intros
350,Sunday Candy (MMP Intro) (Clean),79.00,254,Hip Hop
351,Smoke Break (Dirty),125.16,226,Hip Hop
352,All We Got,132.00,203,Hip Hop
353,No Problem (Dirty),135.00,304,Hip Hop
354,Angels (Intro)(Dirty),78.00,320,Hip Hop
355,Nana (Dj Rukus Intro Edit) (Clean),156.00,221,Hip Hop
356,Nana (Dj Rukus Intro Edit) (Dirty),156.00,221,Hip Hop
357,Favorite Song (Dj Rukus Intro Edit) (Clean),78.00,221,Hip Hop
358,Favorite Song (Dj Rukus Intro Edit) (Dirty),78.00,221,Hip Hop
359,Marvin Gaye (Funky Mix) (Short Edit) (Clean),110.00,111,R&amp;B
360,One Call Away (MMP Intro) (Clean),91.00,226,R&amp;B
361,We Don't Talk Anymore (Clean),100.00,215,R&amp;B
362,We Don't Talk Anymore (Intro) (Clean),100.00,236,R&amp;B
363,Dope House (Dirty Remix),90.97,246,Hip Hop
364,Back To Sleep (Clean)2,93.00,201,R&amp;B
365,Back To Sleep (Dirty),93.00,201,R&amp;B
366,Liquor (Clean),105.00,227,R&amp;B
367,Liquor (Main),105.00,227,R&amp;B
368,Picture Me Rollin (Clean),103.00,192,R&amp;B
369,Picture Me Rollin (Dirty),103.00,193,R&amp;B
370,Time And A Place (Dj Slick Intro) (Dirty),104.00,222,Intros
371,Time For Love (Clean),105.00,224,R&amp;B
372,Time For Love (Dirty),105.00,226,R&amp;B
373,Zero (MMP Intro 2) (Clean),122.00,271,R&amp;B
374,Zero (MMP Intro 2) (Dirty),122.00,271,R&amp;B
375,Bitches And Marijuana (MMP Intro) (Clean),98.00,274,Intros
376,Bitches And Marijuana (MMP Intro) (Dirty),97.98,274,Intros
377,Show Love (Dj Rukus Intro Edit - Clean),96.00,250,Hip Hop
378,Show Love (Dj Rukus Intro Edit - Dirty),96.00,250,Hip Hop
379,The Water Dance (Dj Vinyl Fingers Hyped Up Intro Edit),105.00,258,Hip Hop
380,Water Dance (Mr Worldwide Remix) (Clean),104.98,222,Remix
381,Water Dance (Mr Worldwide Remix) (Dirty),104.98,222,Remix
382,Adventure Of A Lifetime (MMP Intro) (Clean),112.00,235,Alternative
383,Hymn For The Weekend (MMP Intro) (Clean),90.02,250,Intros
384,Bubblegum (N and D Drop It Like Its Hot Blend) (Short Edit),99.99,182,Trap
385,Cupid Shuffle (DJ Hope Transition 128BPM-144BPM-128BPM),127.74,236,Transitition
386,Cha Cha (Quick Hit) (Clean),135.00,74,Hip Hop
387,Broccoli (Dj Rukus Intro Edit - Clean),73.00,249,Hip Hop
388,Broccoli (Dj Rukus Intro Edit - Dirty),73.00,249,Hip Hop
389,Gasolina (Benedetto Moombahton Remix),105.00,229,Moombahton
390,Around The World (Richard Earnshaw And Mike Scot 2012 Re-Edit),125.00,448,House
391,Smoke Bomb (Clean),100.00,182,Hip Hop
392,Smoke Bomb (Dirty),100.00,182,Hip Hop
393,Hey Mamma,172.00,130,House
394,Bang My Head (Main),108.00,284,Pop
395,Bang My Head (Radio Edit),108.00,192,Pop
396,This Ones For You (Dj Rukus Intro Edit - Clean),110.00,226,Electronica
397,Play Hard Bouncer (FAED Personal Bootleg),128.13,280,Electronica
398,Hey Mama (Dj Kontrol Mash) (Clean),86.00,203,Blends/Mash-ups
399,Pour Some Sugar On Me Transition Down 120-85 (Reaction Edit),84.99,240,Rock
400,Bitch Please (Dj Rukus Intro Edit) (Dirty),87.00,198,Hip Hop
401,Bitch Please (Dj Rukus Intro Edit) (Dirty),87.00,198,Hip Hop
402,Die 4 It (Dj Rukus Intro Edit) (Dirty),125.00,268,Hip Hop
403,Back Up Off Me (Clean),80.00,241,Hip Hop
404,Back Up Off Me (Dirty),80.00,241,Hip Hop
405,Confident (Intro) (Clean),97.50,384,Pop
406,Confident (Intro) (Dirty),97.50,392,Pop
407,Cool For The Summer (MMP Intro),114.11,238,Intros
408,Really Dont Care (Intro),121.00,389,Intros
409,Say My Name (YUDA Remix),75.00,272,Trap
410,Get Low (The Rebirth In Paris) (Original Mix),128.00,189,House
411,Bun Up The Dance,108.00,213,Reggae
412,Stay a While (Dj Rukus Intro Edit - Clean),120.00,232,House
413,Higher Place,124.98,174,House
414,The Hum,130.00,356,Electro
415,Doctor Pepper (Intro) (Clean),140.00,342,Intros
416,Doctor Pepper (Intro) (Dirty),140.00,342,Intros
417,Shining (DJ Hope Hype Intro)(Clean),112.00,293,Hip Hop
418,Shining (DJ Hope Hype Intro)(Dirty),112.00,293,Hip Hop
419,Gold Slugs (MMP Intro) (Clean),88.00,316,Hip Hop
420,Gold Slugs (MMP Intro) (Dirty),88.00,316,Hip Hop
421,I Got the Keys (Clean),140.00,219,Hip Hop
422,I Got the Keys (Dirty),140.00,219,Hip Hop
423,You Mine (Clean),136.00,240,Hip Hop
424,You Mine (Dirty),136.00,240,Hip Hop
425,How Many Times (MMP Intro) (Clean),116.00,356,Hip Hop
426,How Many Times (MMP Intro) (Dirty),116.00,356,Hip Hop
427,For Free (Dj Rukus Intro Edit - Clean),103.48,180,Hip Hop/Rap
428,For Free (Dj Rukus Intro Edit - Dirty),103.50,180,Hip Hop/Rap
429,Whole Lot Of Lovin (Clean),120.00,264,Hip Hop
430,Whole Lot Of Lovin (Dirty),120.00,264,Hip Hop
431,Propaganda (Clean),150.00,240,Trap
432,Turn Down For What (Onderkoffer Remix) (Dirty),100.00,195,Twerk
433,Lean On (SMgglrz Remix),130.00,232,Electronica
434,Cake By The Ocean (Clean),119.00,217,Pop
435,The Next Episode (Caked Up Remix) (Syntrix Quick Hit) (MMP Intro) (Dirty),95.00,96,Intros
436,Back To Back (MMP Intro) (Clean),87.00,198,Intros
437,Charged Up (Clean),86.29,233,Hip Hop
438,Charged Up (Dirty),86.35,246,Hip Hop
439,Childs Play (Dj Rukus Intro Edit - Clean),80.04,288,Hip Hop
440,Childs Play (Dj Rukus Intro Edit - Dirty),80.00,288,Hip Hop
441,Legend (DJ JAY MMP Intro) (Clean),100.01,249,Hip Hop
442,Legend (DJ JAY MMP Intro) (Dirty),100.01,249,Hip Hop
443,Right Hand (MMP Intro) (Dirty),100.50,171,Intros
444,Summer Sixteen (Dj Rukus Intro Edit) (Clean),148.00,215,Hip Hop
445,Summer Sixteen (Dj Rukus Intro Edit) (Dirty),148.00,215,Hip Hop
446,Big Rings (MMP Intro) (Dirty),132.00,232,Hip Hop
447,Digital Dash (Dirty),140.00,231,Hip Hop
448,Jumpman (Dirty),71.00,205,Other
449,Live From The Gutter (Dirty),83.00,211,Hip Hop
450,Live The Gutter (Clean),83.00,211,Hip Hop
451,Pound Cake (Nate Bizzle Intro Edit) (Dirty),94.03,214,Hip Hop
452,One Dance (Latin Remix),104.00,316,Latin
453,Energy (Remix) (MMP Intro) (Dirty),85.93,162,Intros
454,One Dance (8Mix),104.00,185,Hip Hop
455,Controlla (Dj Rukus Drake Only Edit) (Clean),94.00,143,Hip Hop
456,Too Good (Clean),118.00,260,Hip Hop
457,Too Good (Dirty),118.00,260,Hip Hop
458,Cha Cha (Clean),135.00,249,R&amp;B
459,Cha Cha (Dirty),135.00,249,R&amp;B
460,Im Shipping Up to Boston (Clean),129.30,152,Holiday
461,Im Shipping Up to Boston (Dj Rukus Intro Edit) (Clean),130.09,163,Holiday
462,Choices (Yup) (Clean),120.00,273,Hip Hop
463,Choices (Yup) (Instrumental),120.00,273,Hip Hop
464,Choices (Yup) (Remix) (Dirty),120.00,276,Hip Hop
465,Choices (Yup) (Remix) (Dirty),120.00,276,Hip Hop
466,Choices (Yup) (Remix) (Dirty),120.00,305,Hip Hop
467,Slappin feat. Nef The Pharaoh and D.R.A.M. (Clean),99.00,230,Hip Hop
468,Slappin feat. Nef The Pharaoh and D.R.A.M. (Dirty),99.00,230,Hip Hop
469,Sliding Down The Pole (Dj Rukus Intro Edit) (Clean),98.00,205,Hip Hop
470,Sliding Down The Pole (Dj Rukus Intro Edit) (Dirty),98.00,205,Hip Hop
471,Choices (Remix)(MMP Intro) (Dirty),120.00,304,Hip Hop
472,Do It Again (Clean),112.00,271,Hip Hop
473,Do It Again (Dirty),112.00,271,Hip Hop
474,September (Rad Stereo Remix),128.00,260,Nu Disco
475,Cool Kids (Dan Maarten Remix),126.00,283,House
476,Dont (Chorus Intro),95.00,242,Pop
477,Photograph (Radio Edit),108.00,222,Pop
478,Thinking Out Loud (Intro),79.00,382,Intros
479,Position (DJ JAY MMP Intro),97.00,215,Intros
480,I Want You (Extended Mix),128.00,294,Progressive
481,I Want You (Radio Edit),128.00,198,Progressive
482,Americas Sweetheart (Clean),128.00,224,Pop
483,Exs and Ohs (DJ Riddler Remix) (Radio Edit),130.03,201,Remix
484,Exs And Ohs,140.00,201,Alternative
485,Good Girls (Clean),176.00,176,Alternative
486,Love Me Like You Do (N And D Drum Refix),96.00,210,Rock
487,On My Mind (Clean),77.50,210,Pop
488,Something In The Way You Move,109.00,222,Pop
489,Looking Up (Radio Edit),151.99,244,Pop
490,Phenomenal (MMP Intro) (Clean),113.60,337,Intros
491,Phenomenal (MMP Intro) (Dirty),113.94,337,Intros
492,Kings Never Die (MMP Intro) (Clean),112.50,323,Intros
493,All Nite (Remix) (MMP Intro) (Clean),100.01,240,Hip Hop
494,All Nite (Remix) (MMP Intro) (Dirty),100.01,240,Hip Hop
495,No Doubt About It,124.00,219,MainStream
496,Look But Dont Touch,104.00,224,Hip Hop
497,Duele El Corazon,91.00,199,Latin
498,Record Year (Clean),80.03,178,Country
499,Policeman (Clean Intro),105.00,230,Pop
500,Bring Me To Life (Radical Jaay and Nic Spiteri Remix) (DEFs Short Edit) (Clean),128.00,157,Bootleg
501,Doin It Well (Intro) (Clean),90.96,274,Hip Hop
502,Doin It Well (Intro) (Dirty),90.98,274,Hip Hop
503,Irresistable (MMP Intro) (Clean),164.96,232,Alternative
504,All The Way Up (Dj Rukus Intro Edit) (Clean),87.60,213,Hip Hop
505,All The Way Up (Dj Rukus Intro Edit) (Dirty),87.63,213,Hip Hop
506,M.I.L.F. Money (Dj Rukus Intro Edit - Clean),80.50,199,Hip Hop
507,M.I.L.F. Money (Dj Rukus Intro Edit - Dirty),80.50,199,Hip Hop
508,679 (Remy Boyz) (Hook First) (Syntrix QH) (Intro) (Clean),95.00,106,Intros
509,Again (Clean),93.00,312,Hip Hop
510,Again (Dirty),93.00,312,Hip Hop
511,Rgf Island (MMP Intro) (Clean),92.02,208,Hip Hop
512,Rgf Island (MMP Intro) (Dirty),92.02,208,Hip Hop
513,Trap Queen (DJ Rukus 90-74 Transition) (Clean),147.98,247,Transitions
514,Trap Queen (DJ Rukus 90-74 Transition) (Dirty),74.03,247,Transitions
515,Wake Up (Dj Rukus Intro Edit - Clean),90.00,245,Hip Hop
516,Wake Up (Dj Rukus Intro Edit - Dirty),90.00,245,Hip Hop
517,My Way (Remix) (Intro) (Clean),128.00,286,Intros
518,My Way (Remix) (MMP Intro) (Dirty),128.00,309,Intros
519,I Lied (Dj Rukus Intro Edit - Clean),118.00,227,Pop
520,Im In Love With A Monster (Radio Edit),145.00,210,Pop
521,The Life (Dj Rukus Intro Edit) (Clean),104.00,212,Pop
522,Work From Home (Dj Rukus Hook In) (Clean),105.00,246,R&amp;B
523,Worth It (Remix) (Clean) 1,100.00,224,Remix
524,All In My Head (Flex) (Dj Rukus Intro Edit - Clean),95.00,242,Pop
525,Not That Kinda Girl (Dj Rukus Intro Edit - Clean),115.00,208,Pop
526,Not That Kinda Girl (Dj Rukus Intro Edit - Dirty),115.00,208,Pop
527,HandClap (Clean),140.26,191,Alternative
528,GDFR (PHLIPZ EDIT - SHORT),74.90,150,Hip Hop
529,Good Feeling (Short Edit) (Clean),128.00,100,Hip Hop
530,Hello Friday,100.00,200,Pop
531,Low (Transition Up) (110-128) (Reaction Edit),128.01,213,Transitions
532,My House (Intro Edit) (Clean),94.00,219,Hip Hop
533,Dirty Mind (Caked Up and Ohmy Remix),75.00,184,Trap
534,I Dont Like It I Love It (Intro),118.00,260,Intros
535,Whos With Me (Clean),84.00,211,Hip Hop
536,At Night (Radio Edit),99.00,238,Pop
537,Anything Goes (Clean),154.00,219,Country
538,H.O.L.Y. (Radio),78.00,192,Country
539,Off The Rip (MMP Intro) ((Dirty)),89.00,269,Intros
540,Off The Rip (MMP Intro) (Clean),89.00,269,Intros
541,Antidote (Remix) (Dirty),131.00,168,Hip Hop
542,No Shopping (DJ Hope Hype Intro)(Clean),83.55,252,Hip Hop
543,No Shopping (DJ Hope Hype Intro)(Dirty),84.00,251,Hip Hop
544,Figure It Out (MMP Intro) (Clean),84.00,262,Hip Hop
545,Figure It Out (MMP Intro) (Dirty),84.00,262,Hip Hop
546,LockJaw (Remix) (Clean),85.00,223,Hip Hop
547,LockJaw (Remix) (Dirty),85.00,220,Hip Hop
548,Lockjaw (Clean),85.00,226,Hip Hop
549,Lockjaw (Dirty),85.00,227,Hip Hop
550,Blow A Bag (Clean),141.00,199,Hip Hop
551,Blow A Bag (Dirty),141.00,198,Hip Hop
552,Thought It Was A Drought (Clean),125.00,266,Hip Hop
553,Thought It Was A Drought (Dirty),125.00,265,Hip Hop
554,Trap N ggas (Dirty),81.00,182,Hip Hop
555,Trap Niggas (Clean),81.00,181,Hip Hop
556,Low Life (Intro) (Clean),72.00,453,Hip Hop
557,Low Life (Intro) (Dirty),72.00,453,Hip Hop
558,Where Ya At (MMP Intro) (Clean),81.00,237,Intros
559,Where Ya At (MMP Intro) (Dirty),81.00,237,Intros
560,Commas (Lil Wayne Remix) (Intro) (Dirty),140.00,164,Hip Hop
561,Commas (Mr Worldwide Spanish Remix) (Dirty),140.00,197,Hip Hop
562,Me Myself and I (Clean),112.00,252,Hip Hop
563,Me Myself and I (Dirty),112.04,252,Hip Hop
564,Random (MMP Intro) (Clean),87.08,241,Hip Hop
565,Random (MMP Intro) (Dirty),87.08,241,Hip Hop
566,Sad Boy (Clean),81.00,203,Hip Hop
567,Sad Boy (Dirty),81.00,203,Hip Hop
568,You Got Me (MMP Intro) (Dirty),95.02,262,Hip Hop
569,One Of Them (Clean),110.00,199,Hip Hop
570,Drifting (Clean),135.00,273,Hip Hop
571,Order More (Clean),140.00,208,Hip Hop
572,Order More (Dirty),140.00,208,Hip Hop
573,Of All Things (Clean),97.00,212,Hip Hop
574,Of All Things (Dirty),97.00,213,Hip Hop
575,Drifting (Dirty),135.00,273,Hip Hop
576,Saw It Coming (Dj Rukus Intro Edit - Clean),92.00,227,Hip Hop
577,100 (Clean),108.00,343,Hip Hop
578,Ryda (Super Clean),106.00,209,Hip Hop
579,You Dont Own Me (Dj Rukus Intro Edit - Clean),93.74,238,Hip Hop
580,All My Children (Dj Rukus Intro Edit - Clean),126.00,243,Hip Hop
581,All My Children (Dj Rukus Intro Edit - Dirty),126.00,243,Hip Hop
582,First Day Out Tha Feds (Clean),138.00,184,Hip Hop
583,First Day Out Tha Feds (Dirty),138.00,184,Hip Hop
584,On Me (Dirty),78.00,204,Hip Hop
585,Back On The Road (Dj Rukus Intro Edit - Dirty),74.00,168,Hip Hop/Rap
586,Hollaback Girl (Rave Radio Remix) (Dirty),128.00,219,Remix
587,Make Me Like You (Clean),118.00,213,Pop
588,Misery (Radio Edit),95.00,206,Pop
589,Used To Love You (Clean),96.00,227,Pop
590,Where Would I Be (Dj Rukus Hook In) (Clean),104.00,258,Pop
591,100 (Dirty),108.00,343,Hip Hop
592,Love Myself (Main),123.00,218,Pop
593,Starving (Clean),100.01,179,Pop
594,Starving (Dirty),100.00,179,Pop
595,Colors (Clean),100.00,206,Alternative
596,New Americana (Radio),87.00,180,Alternative
597,Drop It Down Low (Dj Rukus QuickHitter - Clean),100.00,97,Twerk
598,Dumb For You (MMP Intro) (Clean),102.00,216,Intros
599,Hit The Quan (MMP Intro) (Clean),80.00,192,Hip Hop
600,Real People (Dj Rukus Intro Edit) (Dirty),106.03,163,Hip Hop
601,Emergency (MMP Intro) (Clean),126.00,182,Pop
602,Roots (Clean),158.00,173,Alternative
603,Love Yourz (Intro) (Clean),83.00,208,Intros
604,Love Yourz (Intro) (Dirty),83.00,208,Intros
605,No Role Models (MMP Intro) (Clean),100.00,350,Intros
606,Fuck the Police (Dj Rukus Intro Edit) (Dirty),98.38,175,Hip Hop/Rap
607,Where Are U Now (Album Version),140.00,243,Electronica
608,Animal Style (Dj Rukus Intro Edit) (Clean),97.00,168,Intros
609,Fall For Your Type (Cool Hand Lex Lemi Vice And Action Jackson Remix),102.00,233,Twerk
610,Babys In Love (MMP Intro) (Clean),117.00,227,Intros
611,Babys In Love (MMP Intro) (Dirty),117.00,227,Intros
612,Dammn Baby (MMP Intro) (Radio),102.00,230,R&amp;B
613,Night (MMP Intro) (Clean),120.00,280,R&amp;B
614,No Sleep (MMP Intro) (Clean),88.00,210,Intros
615,Unbreakable (MMP Intro) (Clean),83.00,167,R&amp;B
616,Cheyenne (Clean),100.00,199,Pop
617,Get Ugly (1Clean Intro),110.93,220,Intros
618,Get Ugly (MMP Intro) (Dirty),110.98,220,Intros
619,Pull Up (MMP Intro) (Clean),96.00,212,R&amp;B
620,Pull Up (MMP Intro) (Dirty),96.00,212,R&amp;B
621,Want To Want Me (Chorus Intro) (Short Edit),114.00,143,Intros
622,Make My Love Go,107.00,209,R&amp;B
623,Ain't Your Mama (Clean),120.00,215,Pop
624,Oui (MMP Intro) (Clean),160.00,272,R&amp;B
625,Oui (MMP Intro) (Dirty),159.99,272,R&amp;B
626,Planes (Remix) (MMP Intro) (Dirty),130.00,265,Intros
627,Don't Tell Em (Dj Rukus Watch Out Now Remix) (Clean),98.00,254,Hip Hop
628,Don't Tell Em (Dj Rukus Watch Out Now Remix) (Dirty),98.00,254,Hip Hop
629,Uber Everywhere (Dj Rukus Intro Edit - Clean),140.00,267,Hip Hop
630,Uber Everywhere (Dj Rukus Intro Edit - Dirty),140.00,267,Hip Hop
631,Classic Man (Remix) (Clean),94.00,233,Hip Hop
632,Classic Man (Remix) (Dirty),94.00,233,Hip Hop
633,All Night (Clean),77.50,241,Hip Hop
634,All Night (Dirty),77.50,245,Hip Hop
635,Tryna Fuck (Dry Intro),129.92,192,Hip Hop
636,No English (Dj Rukus Intro Edit - Clean),138.00,222,Hip Hop
637,No English (Dj Rukus Intro Edit - Dirty),138.00,222,Hip Hop
638,Love Yourself (Clean),100.07,233,Pop
639,What Do You Mean (Clean),125.00,202,Pop
640,Sorry (MMP Intro) (Clean),100.00,238,Pop
641,Drink You Away (Clean),100.00,264,Pop
642,Change (Clean),113.96,348,Hip Hop
643,Change (Dirty),114.00,348,Hip Hop
644,Comfortable (Clean),110.00,210,Hip Hop
645,Comfortable (Dirty),110.00,213,Hip Hop
646,One Hunnid (Clean),87.50,218,Hip Hop
647,One Hunnid (Dirty),87.50,224,Hip Hop
648,Way Down We Go (Clean),81.83,215,Alternative
649,Famous (Official Clean),87.00,195,Hip Hop
650,Waves (Intro) (Clean),98.54,215,Intros
651,Waves (Intro) (Dirty),96.17,219,Intros
652,All Day (Remix) (Clean),97.95,288,Hip Hop
653,All Day (Remix) (Dirty),98.32,288,Hip Hop
654,Fade (Dirty),106.00,192,Hip Hop
655,Famous (Dirty),87.00,194,Hip Hop
656,Famous (Official Dirty),86.98,194,Hip Hop
657,247 (Clean),92.00,177,R&amp;B
658,247 (Dirty),92.00,177,R&amp;B
659,CRZY (Clean),130.00,190,R&amp;B
660,CRZY (Dirty),130.00,190,R&amp;B
661,FWU (Clean),138.00,200,R&amp;B
662,FWU (Dirty),138.00,200,R&amp;B
663,The Way (Clean),101.06,181,R&amp;B
664,The Way (Dirty),101.00,181,R&amp;B
665,Break on Me,87.00,205,Country
666,John Cougar John Deere John 316,85.00,218,Country
667,Wasted Time (Radio),100.00,223,Country
668,Piece By Piece (Radio Edit),110.00,223,Pop
669,Run Run Run (Radio Edit),112.05,272,Pop
670,Blue Faces (MMP Intro) (Clean),120.00,224,Hip Hop
671,Blue Faces (MMP Intro) (Dirty),120.00,224,Hip Hop
672,Levitate (Clean),127.00,144,Hip Hop
673,These Walls (Clean),108.00,248,Hip Hop
674,Untitled 03 05.28.2013 (Clean),104.00,154,Hip Hop
675,Untitled 03 05.28.2013 (Dirty),103.97,154,Hip Hop
676,Untitled 05 09.21.2014 (Clean),154.00,338,Hip Hop
677,Untitled 05 09.21.2014 (Dirty),154.00,338,Hip Hop
678,Untitled 07 2014 2016 (Clean),126.82,496,Hip Hop
679,Untitled 07 2014 2016 (Dirty),126.95,496,Hip Hop
680,Untitled 08 09.06.2014 (Clean),120.00,235,Hip Hop
681,Untitled 08 09.06.2014 (Dirty),120.00,235,Hip Hop
682,Noise (Radio),110.01,201,Country
683,Save It For A Rainy Day (MMP Intro) (Clean),155.02,198,Country
684,Dont Mind (Clean),159.00,195,Hip Hop
685,Dont Mind (Dirty),79.50,195,Hip Hop
686,Dont Mind (Dj Rukus Intro Edit) (Clean),159.00,229,Hip Hop
687,Dont Mind (Dj Rukus Intro Edit) (Dirty),159.00,229,Hip Hop
688,Dont Mind (Mr. Worldwide Remix) (Intro) (Clean),159.01,253,R&amp;B
689,Dont Mind (Mr. Worldwide Remix) (Intro) (Dirty),159.00,253,R&amp;B
690,Tik Tok (SE) (Clean),120.00,131,Pop
691,Die Young (Dj Rukus Trap Remix) (Intro Edit) (Clean),136.00,248,Intros
692,2 Phones (Clean),122.00,238,Hip Hop
693,2 Phones (Dirty),122.00,238,Hip Hop
694,John Gotti (Intro) (Clean),86.67,310,Intros
695,John Gotti (Intro) (Dirty),86.67,310,Intros
696,Really Really (Intro) (Clean),118.99,290,Hip Hop
697,Really Really (Intro) (Dirty),119.00,290,Hip Hop
698,Lie To Kick It (Dirty),99.00,215,Hip Hop
699,Thats On You (Clean),105.00,210,Hip Hop
700,Thats On You (Dirty),105.00,210,Hip Hop
701,Hotel (DJ Slick Intro) (Dirty),103.00,262,Intros
702,Rewind (Dirty),100.00,240,Hip Hop
703,Promise (Clean),137.35,223,Hip Hop
704,Promise (Dirty),137.33,223,Hip Hop
705,No Flockin (Clean),117.50,165,Hip Hop
706,No Flockin (Dirty),117.50,165,Hip Hop
707,Skrt (Clean),111.00,226,Hip Hop
708,Skrt (Dirty),111.00,224,Hip Hop
709,Cupid Shuffle,71.80,231,
710,Get Lucky (feat. Pharrell Williams &amp; Nile Rodgers),116.05,369,Pop
711,Boom Boom Pow,130.00,251,
712,I Gotta Feeling,128.00,289,
713,Wobble,95.00,323,Hip-Hop/Rap
714,Casper Cha-Cha Slide,122.03,387,
715,Sandstorm,136.06,225,Dance
716,Meant To Be (Clean),77.00,162,Pop
717,Nuh Ready Nuh Ready (Clean),116.00,182,Pop
718,Nuh Ready Nuh Ready (Dirty),116.00,182,Pop
719,Could You Believe It (Clean),75.00,192,Hip Hop
720,Could You Believe It (Dirty),75.00,192,Hip Hop
721,Midnight Summer Jam (Dirty),120.00,311,Pop
722,Tell You That (Dj Rukus Intro Edit - Clean),100.00,172,Twerk
723,Tell You That (Dj Rukus Intro Edit - Dirty),100.00,172,Twerk
724,Save Dat Money (Intro) (Clean),97.97,417,Intros
725,Save Dat Money (Intro) (Dirty),97.97,417,Intros
726,My Beyonce (Acapella),138.20,216,Bootleg
727,My Beyonce (Clean),138.00,281,Bootleg
728,My Beyonce (Dirty),138.00,281,Bootleg
729,My Beyonce (Instrumental),138.00,216,Bootleg
730,Get Loose (Dirty),128.00,182,Electro
731,Outta Your Mind (Dj Rukus Peak Hour Break) (Dirty),101.90,88,Hip Hop
732,Make Em Bounce (Dj Rukus Intro Edit - Clean),75.00,204,Twerk
733,Make Em Bounce (Dj Rukus Intro Edit - Dirty),75.00,204,Twerk
734,8 Top (Dirty),120.00,233,Hip Hop
735,Money Longer (Dj Rukus Intro Edit - Clean),136.00,225,Hip Hop
736,Money Longer (Dj Rukus Intro Edit - Dirty),136.00,225,Hip Hop
737,You Was Right (Dj Rukus Intro Edit - Clean),82.00,188,Hip Hop
738,You Was Right (Dj Rukus Intro Edit - Dirty),82.00,188,Hip Hop
739,Proud (Dj Rukus Intro Edit) (Clean),87.00,253,Hip Hop
740,Proud (Dj Rukus Intro Edit) (Dirty),87.00,253,Hip Hop
741,Look Alive (Clean),140.00,180,Hip Hop
742,Look Alive (Dirty),140.00,180,Hip Hop
743,Big Shot (Dj Rukus Intro Edit) (Clean),173.33,251,Hip Hop
744,Big Shot (Dj Rukus Intro Edit) (Dirty),173.33,251,Hip Hop
745,Do It Again (Dj Rukus Intro Edit - Dirty),80.00,192,Hip Hop
746,Glory (Intro) (MMP Edit) (Clean),79.02,300,Intros
747,Glory (MMP Intro) (Dirty),79.01,300,Intros
748,I Feel Good (MMP Intro) (Dirty),81.00,231,Intros
749,Nothing But Trouble (Clean),126.00,218,Hip Hop
750,Nothing But Trouble (Dirty),126.00,218,Hip Hop
751,Im that Nigga (MMP Intro) (Dirty),86.00,256,Intros
752,Bitch Im The Bomb (Dj Rukus 2016 ReMake) (Clean),95.00,174,Hip Hop
753,Bitch Im The Bomb (Dj Rukus 2016 ReMake) (Dirty),95.00,174,Hip Hop
754,Sucker For Pain (Clean Intro),84.57,289,Hip Hop
755,Sucker For Pain (Dirty Intro),84.31,290,Hip Hop
756,One Night (Dj Rukus Intro Edit) (Dirty),130.00,284,Hip Hop
757,Minnesota Remix (Dirty),130.00,268,Hip Hop
758,Pain Killer (Radio),81.01,188,Country
759,Black Magic (Clean),112.00,211,Pop
760,Black Magic,112.00,209,Pop
761,Love Me Like You (7th Heaven Radio Edit),126.00,192,House
762,Secret Love Song (Clean),92.99,228,R&amp;B
763,Headsprung (Dj Rukus Redrum Break) (Clean),100.00,106,Hip Hop
764,Party Rock Anthem (Short Intro) (Clean),130.00,178,Intros
765,Fade Away (Clean),76.00,287,Hip Hop
766,Fade Away (Dirty),76.00,287,Hip Hop
767,Flexicution (Dj Rukus Intro Edit - Dirty),80.00,240,Hip Hop
768,Flexicution (Instrumental),160.00,219,Hip Hop
769,Flexicution (Intro) (Clean),160.00,384,Hip Hop
770,Like Woah (Clean),107.00,232,Hip Hop
771,Like Woah (Dirty),107.00,232,Hip Hop
772,Never Been (Dirty),101.00,247,Hip Hop
773,The Jam (Dj Rukus Intro Edit - Clean),74.50,251,Hip Hop
774,The Jam (Dj Rukus Intro Edit - Dirty),74.50,251,Hip Hop
775,Upgrade (Clean),83.00,173,Hip Hop
776,Upgrade (Dirty),83.00,173,Hip Hop
777,Young Jesus (MMP Intro) (Clean),95.00,212,Hip Hop
778,Young Jesus (MMP Intro) (Dirty),95.00,212,Hip Hop
779,Wrist (Dj Rukus Intro Edit - Clean),140.00,219,Hip Hop
780,Wrist (Dj Rukus Intro Edit - Dirty),140.00,219,Hip Hop
781,Get Lit (Frizzo Remix),105.00,148,Trap
782,7 Years (Clean),120.00,237,Pop
783,Mama Said (Dj Rukus Intro Edit - Clean),84.00,205,Pop
784,Huntin Fishin and Lovin Every Day (Radio),77.00,277,Country
785,Kick The Dust Up (MMP Intro) (Clean),86.00,220,Country
786,Home Alone Tonight,81.00,187,Country
787,Ophelia (Clean),152.56,153,Indie
788,Patron and Percs (Dj Rukus Intro Edit - Clean),100.00,220,Hip Hop
789,Patron and Percs (Dj Rukus Intro Edit - Dirty),100.00,220,Hip Hop
790,Ante Up (Nikolas Degas Remix) (OG Intro Seg),100.00,195,Hip Hop
791,Alpha Omega (Clean),124.00,212,Hip Hop
792,Alpha Omega (Dirty),124.00,212,Hip Hop
793,Till I Die (Remix) (Intro) (Clean),109.97,420,Hip Hop
794,Till I Die (Remix) (Intro) (Dirty),109.97,420,Hip Hop
795,Dance Off (Intro) (Clean),121.00,209,Hip Hop
796,Dance Off (Dirty),121.00,227,Hip Hop
797,Downtown (Radio Edit),109.70,265,Pop
798,Uber Everywhere (Dj Rukus Intro Edit) (Dirty),140.00,171,Hip Hop
799,I Want (Clean),119.99,232,Hip Hop
800,I Want (Dirty),120.00,232,Hip Hop
801,Unapologetic Bitch,150.03,230,Pop
802,Bitch Im Madonna (Clean),75.00,226,Pop
803,Red Dress (Dj Rukus Intro Edit - Clean),136.00,247,Pop
804,Sunday Funday (MMP Intro) (Clean),94.00,245,Intros
805,Lay You Down Easy (Clean),90.00,160,Pop
806,Light It Up (Remix) (Quick Hit) (Clean),108.17,80,Pop
807,Boom (Dirty),100.00,184,Electronic
808,Powerful (Clean),130.00,206,Pop
809,Too Original (Clean),128.00,205,Electro
810,Too Original (Dirty),128.00,206,Electro
811,Light It Up (Intro) (Clean),90.00,246,Electro
812,Light It Up (Remix),108.02,166,Remix
813,Rocky Balboa (Intro Edit) (Clean),101.00,191,Twerk
814,Infinity (MMP Intro) (Clean),134.80,256,Intros
815,Forever (Clean),116.05,242,R&amp;B
816,Good Vibrations (DJSkillzMusic Acapella Intro),122.00,267,Pop
817,Feelings (Main),122.00,194,Pop
818,Sugar (Intro) (Acapella Outro),120.00,144,Acapellla
819,This Summers Gonna Hurt (Mmp Intro) (Clean),99.00,259,Intros
820,This Summers Gonna Hurt Like A Motherfucker (MMP Intro) (Dirty),99.00,259,Intros
821,Dont Look Down (Dj Vinyl Fingers Edit),128.02,247,Bootleg
822,Sexual Healing (Kygo Remix),101.00,368,Deep House
823,Monster (DJ Slick Intro) (Dirty),94.40,194,Hip Hop
824,Pray For Em (Introdirty),142.00,209,Hip Hop
825,All The Way Up (Clean),91.00,287,Hip Hop
826,All The Way Up (Dirty),91.00,287,Hip Hop
827,All Eyes On You (Clean),77.50,224,Hip Hop
828,All Eyes On You (Dirty),77.50,224,Hip Hop
829,RICO (MMP Intro V2) (Clean),112.00,204,Intros
830,RICO (MMP Intro V2) (Dirty),112.00,204,Intros
831,Problem (Introdirty),139.99,164,Hip Hop
832,Champagne Problems (Clean),110.00,222,Mainstream
833,Me Too (MMP Intro) (Clean),123.80,205,Pop
834,No (DJ Rukus MMP QuickHitter - Clean),94.00,126,Pop
835,Watch Me Do (Dj Rukus Intro Edit) (Clean),112.00,197,Pop
836,I Love Me (Dj Rukus QuickHitter) (Clean),97.00,108,Pop
837,The Purple Tape (Dirty),86.00,204,Hip Hop
838,Straight Gutta (Dirty),92.00,239,Hip Hop
839,Came From Nothing (Dirty),124.00,255,Hip Hop
840,Pipe It Up (Intro) (Dirty),129.99,221,Hip Hop
841,Too Much Jewelry (Clean),75.00,245,Hip Hop
842,Too Much Jewelry (Dirty),75.00,245,Hip Hop
843,Top Down On Da NAWF (MMP Intro Edit) (Clean),75.50,279,Hip Hop
844,Top Down On Da NAWF (MMP Intro Edit) (Dirty),75.50,279,Hip Hop
845,Danger (Clean),108.00,214,Hip Hop
846,I Took A Pill In Ibiza (SeeB Remix) (Dirty),102.00,197,House
847,These Days (Dj Rukus Intro Edit - Clean),130.00,251,Hip Hop
848,These Days (Dj Rukus Intro Edit - Dirty),130.00,251,Hip Hop
849,Smokin and Drinkin (Clean),79.00,228,Country
850,Pep Rally (Intro) (Clean),90.00,296,Intros
851,Pep Rally (Intro) (Dirty),89.98,296,Intros
852,WTF (Quick Hit) (Clean),119.98,86,Hip Hop
853,WTF (Where They From) (Clean),120.00,192,Hip Hop
854,WTF (Where They From) (Dirty),120.00,192,Hip Hop
855,Bad Girls (Clean),88.00,193,Pop
856,Ditmas (Radio Edit),144.00,218,Rock
857,Coming With You (DJ Slick Intro),120.00,265,R&amp;B
858,Hot in Here (M-Key Acap In),110.00,219,Hip Hop
859,Hot in Here (M-Key Acap In),110.00,185,Hip Hop
860,The Fix (Clean),95.50,173,Hip Hop
861,The Fix (Dirty),95.50,173,Hip Hop
862,Levels (Clean),102.00,167,Pop
863,Close,124.00,233,Pop
864,Satellite (Radio Edit),83.00,237,Rock
865,Staships (Short Edit) (Clean),125.00,126,Pop
866,The Night Is Still Young,128.00,227,Hip Hop
867,That's How You Know (Clean),104.00,186,Pop
868,Mo Money Mo Problems (Shoe Scene Remix),115.00,273,House
869,Cut It (feat. Young Dolph) - Explicit,130.00,222,Hip Hop
870,Cut It (feat. Young Dolph),130.00,222,Hip Hop
871,Cut It (Remix) (Part Two) (Clean),130.00,222,Hip Hop
872,Cut It (Remix) (Part Two) (Dirty),130.00,222,Hip Hop
873,Hula Hoop (MMP Intro) (Clean),122.00,214,Pop
874,Cheerleader (MMP Intro) (Clean),118.00,183,Intros
875,Perfect (MMP Intro) (Clean),100.00,254,Pop
876,Push It (Dirty Intro),85.36,202,Hip Hop
877,Rosa Parks (Mister Gray and Michael Methods Bootleg) (Dirty),105.00,217,Twerk
878,Verge (MMP Intro),128.00,228,Intros
879,Just Like Fire (From the Original Motion Picture Alice Through The Looking Glass),81.50,215,Pop
880,Light This Bitch Up (Dj Rukus Intro Edit) (Clean),96.00,240,Hip Hop
881,Light This Bitch Up (Dj Rukus Intro Edit) (Dirty),96.00,240,Hip Hop
882,Dont Threaten Me with a Good Time (Clean),91.88,213,Rock
883,Last Resort (DJ Stoggi Twerk Remix) (Clean),102.00,216,Remix
884,Come And See Me (Clean),85.00,235,Hip Hop
885,Come And See Me (Dirty),85.00,231,Hip Hop
886,Say Say Say 2015 (Remix),117.43,221,Pop
887,Freedom (Clean),130.09,161,Pop
888,Drugs (Dj Rukus Intro Edit) (Clean),130.00,192,Hip Hop
889,Drugs (Dj Rukus Intro Edit) (Dirty),130.00,192,Hip Hop
890,Do It Again (Radio Edit),96.01,205,Pop
891,Fuck With You (DJ Slick Intro) (Dirty),98.00,231,R&amp;B
892,El Taxi (Spanglish Remix w More English (Intro) (Clean),95.00,236,Pop
893,FREE.K (Main),124.00,229,Hip Hop
894,Fuego (Remix) (Quick Hit - Clean),134.97,92,Pop
895,Messin Around (Kronic and Mayeda Remix) (Clean),86.00,181,Pop
896,Hey Ma (Spanglish Version) (Intro),106.00,235,Pop
897,Fireball (MMP Intoxicated Mash),124.00,151,House
898,Drive You Crazy (MMP Intro) (Clean),127.99,242,Hip Hop
899,Often (Mr Worldwide Remix)(MMP Intro) (Clean),140.00,288,Hip Hop
900,Often (Mr Worldwide Remix)(MMP Intro) (Dirty),140.00,288,Hip Hop
901,Fun (Quick Edit),120.00,135,Pop
902,Messin' Around (Intro),158.00,291,Pop
903,Fun (Jump Smokers Remix),125.00,259,House
904,Fun (Wallem Brothers 808 Remix),105.00,228,Pop
905,Mami Mami,90.00,208,Latin
906,Give Me Everything (Julien Creance 2016 Remix),126.00,251,Remix
907,Tu Quiere Go Girl (DEFs Mash Up) Clean,109.99,111,Moombahton
908,Clean (DJ JAY MMP Intro),100.00,170,Intros
909,Go Flex (Dirty),82.00,180,Hip Hop
910,Go Flex (Super Clean),82.00,179,Hip Hop
911,Too Young (Dirty),123.00,237,Hip Hop
912,Too Young (Super Clean),123.00,236,Hip Hop
913,Where Are U White Iverson (Flosstradumus Edit) (Dj Rukus Intro Edit) (Clean),140.00,277,Trap
914,Where Are U White Iverson (Flosstradumus Edit) (Dj Rukus Intro Edit) (Dirty),140.00,277,Trap
915,Money Made Me Do It (Clean),83.00,221,Hip Hop
916,Money Made Me Do It (Dirty),83.00,221,Hip Hop
917,Monte (Dirty),114.00,227,Hip Hop
918,Stare,130.85,222,Pop
919,Finna Get Loose (MMP Intro) (Clean),107.00,188,Intros
920,Finna Get Loose (MMP Intro) (Dirty),107.00,188,Intros
921,Money Aint A Problem (MMP Intro) (Clean),92.00,221,Hip Hop
922,Money Aint A Problem (MMP Intro) (Dirty),92.00,221,Hip Hop
923,Untouchable (MMP Intro) (Clean),84.00,214,Hip Hop
924,Untouchable (MMP Intro) (Dirty),84.00,214,Hip Hop
925,Drug Dealers Anonymous (Clean),76.00,253,Hip Hop
926,Drug Dealers Anonymous (Dirty),76.00,253,Hip Hop
927,Drug Dealers Anonymous (Instrumental),76.00,255,Hip Hop
928,M.P.A. (Clean),84.41,285,Hip Hop
929,M.P.A. (Dirty),84.42,285,Hip Hop
930,Ice Tray (Dirty),130.00,213,Hip Hop
931,Locked Away,94.00,227,R&amp;B
932,Locked Away (Lil Wayne Remix) (Clean),94.00,248,Pop
933,Come Get Her (DJ Slick Intro) (Dirty),92.50,229,Intros
934,Look Alive (Clean),120.00,226,Hip Hop
935,Look Alive (Dirty),120.00,226,Hip Hop
936,Safe Sex Pay Checks (Intro) (Dirty),115.01,250,Intros
937,This Could Be Us (MMP Intro) (Clean),71.50,241,Intros
938,This Could Be Us (MMP Intro) (Dirty),71.50,241,Intros
939,Original Flex Zone (Mister Gray Edit) (Dirty),135.00,274,Trap
940,I Like the Sound of That (Radio),90.00,207,Country
941,Floatin (Dirty),151.00,249,Hip Hop
942,Bad Bitch Alert (Remix) (Dj Rukus Intro Edit - Dirty),91.00,284,Hip Hop
943,Lights Out (Party Rock Remix),128.00,243,House
944,Dark Necessities (Album Version),91.99,302,Alternative
945,Where the Sun Goes (Dj Glenn Limbaga MMP Intro Outro) (Clean),120.00,256,Intros
946,Imaginandote,100.00,225,Latin
947,Flex (OohOohOoh),82.00,177,Hip Hop
948,Bitch Better Have My Money (Acapella Outro),102.99,84,Acapella
949,Needed Me (Dj Rukus Intro Edit) (Clean),111.00,203,R&amp;B
950,Needed Me (Dj Rukus Intro Edit) (Dirty),111.00,203,R&amp;B
951,Work (MMP Intro) (Clean),92.00,229,R&amp;B
952,Work (MMP Intro) (Dirty),92.00,229,R&amp;B
953,Break It Off (DJ Jay MMP Intro),134.00,214,Intros
954,Back Together (Clean),118.00,221,R&amp;B
955,Lost Boy (Radio Edit),122.50,245,Pop
956,Gas Pedal (Dawson Shakedown Bootleg) (Intro) (Dirty),100.00,225,Intros
957,House Party (Clean),104.00,190,Country
958,Make You Miss Me (Radio),73.00,222,Country
959,League Of My Own (Clean),98.00,194,Hip Hop
960,Dope Dealer (Clean),82.00,222,Hip Hop
961,Dope Dealer (Dirty),82.00,222,Hip Hop
962,That Part (Clean),113.00,316,Hip Hop
963,That Part (Dirty),113.00,316,Hip Hop
964,Bust It Open (Clean),100.00,240,Hip Hop
965,Bust It Open (Dirty),100.00,240,Hip Hop
966,Ganja Man (MMP Intro) (Dirty),94.00,166,Reggae
967,Hands To Myself (MMP Intro) (Clean),111.04,231,Pop
968,Kill Em With Kindness,120.00,216,Pop
969,Same Old Love (Clean),98.00,228,Pop
970,Good For You (MMP Intro) (Clean),89.00,246,Intros
971,Go Fuck Yourself (Gfy) (Dirty),108.00,200,Pop
972,Stitches,149.99,206,Pop
973,Treat You Better (Radio Edit),166.00,187,Pop
974,Cut The Cord (Radio),89.00,221,Alternative
975,State of My Head (Clean),79.96,205,Alternative
976,Alive (MMP Intro) (Clean),100.00,302,House
977,Cheap Thrills (Radio Edit),90.00,211,Pop
978,Cheap Thrills (Sean Paul Remix),90.00,224,House
979,Watch Me (MMP Intro) (Clean),140.00,219,Intros
980,Back Up (MMP Intro) (Clean),100.00,269,Hip Hop
981,Back Up (MMP Intro) (Dirty),100.00,268,Hip Hop
982,Drop It Like Its Hot (Tim Gunter Remix) (Quick Hit - Clean),100.00,120,Twerk
983,So Many Pros (Clean),117.00,246,Hip Hop
984,So Many Pros,117.00,246,Hip Hop
985,Kush Ups (Clean),74.70,236,Hip Hop
986,Kush Ups (Dirty),74.70,236,Hip Hop
987,Boneless - Eddie Boy Birthday Break (Clean),128.00,258,Club
988,Boneless - Eddie Boy Birthday Break (Dirty),128.00,258,Club
989,Alors On Dance (DJ Freefall Edit),128.00,180,House
990,Chop Suey (Riot Ten x CYBRPNK MOSHSTEP Remix) (Audio1 Edit) (Clean),142.00,150,Trap
991,Make That Shit Work (MMP Intro) (Clean),96.00,219,Hip Hop
992,Make That Shit Work (MMP Intro) (Dirty),96.00,219,Hip Hop
993,Represent (Dirty),140.00,306,Hip Hop
994,Nasty Freestyle (Clean),135.00,142,Hip Hop
995,Nasty Freestyle (Dirty),135.00,142,Hip Hop
996,Broadcast Live (Clean),79.00,233,Hip Hop
997,Check Run It (Clean),130.00,236,Hip Hop
998,Check Run It (Dirty),130.00,237,Hip Hop
999,New Romantics,122.00,230,Pop
1000,Out of the Woods (Clean),92.00,233,Pop
1001,Wildest Dreams (Clean),140.00,210,Pop
1002,Wildest Dreams (R3Hab Remix) (Radio Edit),130.00,197,Remix
1003,Bad Blood (Clean),85.00,200,Pop
1004,Hood Go Crazy (PeteDown Transition 70-96) (Clean),95.79,268,Transitions
1005,Hood Go Crazy (PeteDown Transition 70-96) (Dirty),95.79,268,Transitions
1006,24 Hours (Dj Rukus High Come Down Remix) (Clean),100.00,240,Hip Hop
1007,24 Hours (Dj Rukus High Come Down Remix) (Dirty),100.00,240,Hip Hop
1008,Dont Let Me Down (Dj Hope Transition) (100-80 BPM) (Clean),80.00,239,Mainstream
1009,Roses (R-You Edit) (100 - 128),100.21,131,Transitions
1010,El Chapo (Dirty),126.71,159,Hip Hop
1011,Ryda (Intro) (Clean),106.00,298,Intros
1012,Ryda (MMP Intro) (Dirty),106.00,202,Intros
1013,Going Back To Cali (Dj Rukus Westcoast Break) (Dirty),95.08,124,Hip Hop
1014,In The Night (Clean Intro),112.00,278,R&amp;B
1015,The Hills (Extra Clean),113.00,242,R&amp;B
1016,Low Life (Dj Hope Hype Redrum) Clean,72.00,346,Hip Hop
1017,Acquainted (Dirty),106.00,348,R&amp;B
1018,Acquainted,106.00,245,R&amp;B
1019,I Cant Feel My Face (MMP Intro) (Clean),108.00,188,Intros
1020,Pray For Me (Dj Rukus Intro Edit) (Clean),100.50,229,Pop
1021,Pray For Me (Dj Rukus Intro Edit) (Dirty),100.54,229,Pop
1022,Low Life (Dj Hope Hype Redrum) Dirty,72.00,346,Hip Hop
1023,Die A Happy Man (Clean),83.00,225,Country
1024,T-Shirt (Clean),96.00,205,Country
1025,Vacation (Radio),137.00,221,Country
1026,Money Talk (Dirty),157.33,212,Hip Hop
1027,California (Radio Edit),115.97,206,Country
1028,Them Jeans (Clean),88.35,208,Hip Hop
1029,Them Jeans (Dirty),88.35,208,Hip Hop
1030,Them Jeans (Instrumental),88.35,205,Hip Hop
1031,Player (MMP Intro) (Clean),106.00,217,R&amp;B
1032,Player (MMP Intro) (Dirty),106.00,217,R&amp;B
1033,All Hands On Deck (Remix) (Clean),97.00,204,R&amp;B
1034,Hollow (Clean),126.00,210,Pop
1035,3500 (Wellman Remix) (Quick Hit Intro) (Dirty),140.00,117,Intros
1036,A Team (Dj Rukus Intro Edit) (Clean),128.00,210,Intros
1037,A Team (Dj Rukus Intro Edit) (Dirty),128.00,210,Intros
1038,Antidote (Intro) (Clean),131.14,366,Hip Hop
1039,Antidote (Intro) (Dirty),131.14,366,Hip Hop
1040,Piss On Your Grave (MMP Intro) (Dirty),119.03,163,Hip Hop
1041,3500 (MMP Intro) (Clean),124.00,429,Hip Hop
1042,3500 (MMP Intro) (Dirty),124.00,429,Hip Hop
1043,Wonderful (Dirty),73.00,216,Hip Hop
1044,Pick Up The Phone (Clean),137.00,252,Hip Hop
1045,Pick Up The Phone (Dirty),137.00,252,Hip Hop
1046,About You (Intro Edit) (Clean),102.00,209,R&amp;B
1047,About You (Intro Edit) (Dirty),102.00,209,R&amp;B
1048,Late Night (Dirty),147.00,305,R&amp;B
1049,Touchin Lovin Fuckin (Dawson Intro),99.98,252,Intros
1050,She Belong To The Game (MMP Intro) (Clean),94.00,275,Hip Hop
1051,She Belongs To The Game (Dirty),94.00,246,Hip Hop
1052,Ride (Clean),75.00,210,Pop
1053,Stressed Out (Clean),85.00,201,Alternative
1054,Deja Vu (Dj Rukus Intro Edit) (Clean),124.00,278,Hip Hop
1055,Deja Vu (Dj Rukus Intro Edit) (Dirty),124.00,278,Hip Hop
1056,Saved (MMP Intro) (Clean),103.00,205,Hip Hop
1057,Saved (MMP Intro) (Dirty),103.00,205,Hip Hop
1058,Blase (Syntrix Short Edit) (Dirty),128.00,135,Hip Hop
1059,Blase (MMP Intro) (Clean),128.00,255,Hip Hop
1060,Blase (MMP Intro) (Dirty),128.00,255,Hip Hop
1061,Wavy (Clean),105.00,184,Hip Hop
1062,Wavy (Dirty),105.00,185,Hip Hop
1063,Crash (Clean),104.00,211,Hip Hop
1064,Crash (Instrumental),104.00,208,Hip Hop
1065,No Limit (Clean),127.00,230,R&amp;B
1066,No Limit (Dirty),127.00,228,R&amp;B
1067,Chains (Dirty),133.98,215,Hip Hop
1068,No Limit (Dj Rukus Intro Edit - Clean),127.00,272,Hip Hop
1069,No Limit (Dj Rukus Intro Edit - Dirty),127.00,272,Hip Hop
1070,New Bae (Dj Rukus Intro Edit - Clean),105.00,320,Hip Hop
1071,New Bae (Dj Rukus Intro Edit - Dirty),105.00,320,Hip Hop
1072,U Mad (Clean),134.00,299,Hip Hop
1073,U Mad (Dirty),134.00,299,Hip Hop
1074,Workin (Clean),75.70,231,Hip Hop
1075,Workin (Dirty),75.00,233,Hip Hop
1076,Shut Up And Dance (Quick Edit),128.00,128,Pop
1077,Ass Drop (DJ Slick Intro) (Dirty),89.00,195,Hip Hop
1078,King Of Everything (MMP Intro) (Clean),145.00,238,Hip Hop
1079,King Of Everything (MMP Intro) (Dirty),72.50,238,Hip Hop
1080,See You Again (Super Clean Intro),80.00,261,Intros
1081,Pull Up (Dirty),133.00,207,Hip Hop
1082,Bake Sake (MMP Intro Edit) (Clean),140.00,260,Hip Hop
1083,You And Your Friends (Intro) (Acapella Outro),97.02,108,Hip Hop
1084,Renegades (Radio),90.00,194,Alternative
1085,American You (Radio Edit),83.00,213,Rock
1086,Why You Always Hatin (Clean),93.00,197,Hip Hop
1087,Why You Always Hatin (Dirty),93.00,197,Hip Hop
1088,Down In The Dm (MMP Intro) (Clean),76.50,213,Hip Hop
1089,Down In The DM (MMP Intro) (Dirty),153.00,213,Hip Hop
1090,Law (MMP Intro) (Clean),145.00,291,Hip Hop
1091,Law (MMP Intro) (Dirty),145.00,304,Hip Hop
1092,Rihanna (MMP Intro) (Clean),131.98,258,Intros
1093,Rihanna (MMP Intro) (Dirty),131.98,258,Intros
1094,Best Friend (Intro) (Clean),127.00,363,Hip Hop
1095,Best Friend (Intro) (Dirty),127.00,363,Hip Hop
1096,Check (Clean),111.00,227,Hip Hop
1097,Check (Dirty),111.00,227,Hip Hop
1098,Pillowtalk (Clean),125.00,203,R&amp;B
1099,Pillowtalk (Main),125.00,203,R&amp;B
1100,Candyman,150.00,178,Club
1101,Starving (Clean),100.00,182,Pop
1102,Starving (Dirty),100.00,181,Pop
1103,Beautiful Now (Clean),128.00,216,Electronica
1104,I Want You To Know (Acapella Intro) (Short Edit),130.00,133,House
1105,Get Low (PeteDown Edit Clean),128.00,240,Remix
1106,Love Lies (Clean),72.00,199,Pop
1107,Love Lies (Dirty),72.00,199,Pop
1108,44 More (Clean),140.00,187,Hip Hop
1109,44 More (Dirty),140.00,187,Hip Hop
1110,Feel It Still (Flatbush Zombies Remix) (Clean),79.00,206,Hip Hop
1111,Psycho (Clean),140.00,218,Hip Hop
1112,Psycho (Dirty),140.00,218,Hip Hop
1113,Sensualidad (Dj XXplosive Redrum) (Clean),90.00,248,Latin
1114,Cancion Del Mariachi (Sambodi Intro),96.00,133,Latin
1115,La Vida Es Un Carnaval (Dj Inko Remix) (Main) (Clean),108.00,226,Latin
1116,La Vida Es Un Carnaval (Dj Inko Remix) (Main) (Clean),108.00,226,Latin
1117,Bailar (Remix) (Clean),128.00,159,Electro
1118,Suavemente (Intro),124.17,391,Latin
1119,La Camisa Negra (Mix Show Intro),98.00,205,Latin
1120,Despacito (Clean),89.00,227,Pop
1121,La Vaca (Beazie Beats Clap Intro Edit),170.00,273,Latin
1122,Siguelo Bailando (Dj XXplosive Intro),98.00,235,Latin
1123,La Modelo (Dj XXplosive Redrum),100.00,259,Latin
1124,Por Favor (Dj XXplosive Hype Intro),98.00,225,Latin
1125,Todo Comienza en la Disco (Dj XXplosive Intro),92.00,294,Latin
1126,My Adidas (Intro),142.50,187,Hip Hop
1127,djTLMtv Freestyle Scratching beat,95.00,146,
1128,Louder - Thai Chi (mastered instrumental),94.00,165,Instrumental
1129,My Adidas flip,94.77,422,
1130,GUMMO (Remix) (Dirty),78.50,204,Hip Hop
1131,Booty (Remix) (Dj Rukus Intro Edit) (Clean),72.00,320,Hip Hop
1132,Booty (Remix) (Dj Rukus Intro Edit) (Dirty),72.00,320,Hip Hop
1133,X (Clean),131.00,267,Hip Hop
1134,X (Dirty),131.00,267,Hip Hop
1135,Merengue (Dj Rukus Intro Edit) (Clean),113.00,212,Pop
1136,Merengue (Dj Rukus Intro Edit) (Dirty),113.00,212,Pop
1137,Overnight (Dj Rukus Intro Edit) (Clean),75.00,233,Hip Hop
1138,Overnight (Dj Rukus Intro Edit) (Dirty),75.00,233,Hip Hop
1139,Friends (Clean),95.00,202,Pop
1140,Friends (Dirty),95.00,202,Pop
1141,Crown the Kings (Clean),71.50,229,Hip Hop
1142,Crown the Kings (Dirty),71.50,229,Hip Hop
1143,Work Hard (Dj Rukus Intro Edit) (Clean),148.00,343,Hip Hop
1144,Work Hard (Dj Rukus Intro Edit) (Dirty),74.00,343,Hip Hop
1145,Hypnotize (Club Breakerz Jersey Club Hitter) (Dirty),133.99,137,Blends/Mash-ups
1146,Faithful (Clean),94.00,238,Pop
1147,Faithful (Dirty),94.00,238,Pop
1148,Selfish (Dj Rukus Intro Edit) (Clean),104.00,203,Hip Hop
1149,Dubai Drip (MMP Hype Intro Drum Refix),101.58,189,Hip Hop
1150,Cold (Clean),133.00,267,Hip Hop
1151,Take (Dirty),88.00,259,R&amp;B
1152,Bartier Cardi (T-Mix) (Dirty),138.01,278,Hip Hop
1153,4 Days (Dj Rukus Intro Edit) (Clean),98.00,215,Hip Hop
1154,4 Days (Dj Rukus Intro Edit) (Dirty),98.00,215,Hip Hop
1155,All The Stars (Mr. ColliPark Twerk Mix),97.00,237,Twerk
1156,Alone (Remix) (Clean),100.00,213,Pop
1157,Alone (Remix) (Dirty),100.00,213,Pop
1158,Bartier Cardi (T-Mix) (Dirty),138.01,278,Hip Hop
1159,Done For Me (Clean),112.00,175,Pop
1160,Good Life (Club Breakerz Edit) (Dirty),90.00,249,Blends/Mash-ups
1161,Gucci Gang (English Remix) (Dirty),120.00,260,Hip Hop
1162,Havana (NAMTO x KEZA Remix) (Extended) (Clean),110.00,230,Moombahton
1163,I Want It That Way (Club Breakerz Edit) (Clean),130.00,235,Blends/Mash-ups
1164,Lemon (Clean),95.00,223,Hip Hop
1165,Lemon (Club Breakerz Edit) (Clean),95.00,275,Hip Hop
1166,Lemon (Dirty),95.00,223,Hip Hop
1167,Mad Love (PeteDown Moomba Mix) (Clean),102.00,218,Reggae
1168,Meant To Be (Mr. Collipark Remix) (Clean),109.00,224,Pop
1169,Psycho (Dj Rukus Intro Edit) (Clean),140.00,246,Hip Hop
1170,Psycho (Dj Rukus Intro Edit) (Dirty),140.00,246,Hip Hop
1171,Sick Boy (Clean),90.00,192,Pop
1172,Sick Boy (Club Breakerz Festival Hit) (Clean),127.81,172,Blends/Mash-ups
1173,Sky Walker (Spanish Version) (Dj Rukus Intro Edit) (Clean),73.00,223,R&amp;B
1174,Take (Clean),88.00,259,R&amp;B
1175,Take (Dirty),88.00,259,R&amp;B
1176,NOISE,0.00,5,
1177,SINEWAVE,0.00,5,
1178,SIREN,0.00,7,
1179,HORN,0.00,7,
